<?xml version="1.0" encoding="UTF-8"?>
<jcr:root xmlns:cq="http://www.day.com/jcr/cq/1.0" xmlns:jcr="http://www.jcp.org/jcr/1.0" xmlns:nt="http://www.jcp.org/jcr/nt/1.0"
    jcr:primaryType="cq:Dialog"
    xtype="dialog">
    <items
        jcr:primaryType="cq:Widget"
        xtype="tabpanel">
        <items jcr:primaryType="cq:WidgetCollection">
            <tab1
                jcr:primaryType="cq:Panel"
                title="Tab 1">
                <items jcr:primaryType="cq:WidgetCollection">
                    <color-wid
                        jcr:primaryType="cq:Widget"
                        fieldLabel="Select the Color"
                        name="./color"
                        type="select"
                        xtype="selection">
                        <options jcr:primaryType="cq:WidgetCollection">
                            <Green
                                jcr:primaryType="nt:unstructured"
                                text="Green"
                                value="Green"/>
                            <Red
                                jcr:primaryType="nt:unstructured"
                                text="Red"
                                value="Red"/>
                            <Blue
                                jcr:primaryType="nt:unstructured"
                                text="Blue"
                                value="Blue"/>
                        </options>
                    </color-wid>
                </items>
            </tab1>
        </items>
    </items>
</jcr:root>
