<?xml version="1.0" encoding="UTF-8"?>
<jcr:root xmlns:cq="http://www.day.com/jcr/cq/1.0" xmlns:jcr="http://www.jcp.org/jcr/1.0" xmlns:nt="http://www.jcp.org/jcr/nt/1.0"
    jcr:primaryType="cq:Dialog"
    xtype="dialog">
    <items
        jcr:primaryType="cq:Widget"
        xtype="tabpanel">
        <items jcr:primaryType="cq:WidgetCollection">
            <tab1
                jcr:primaryType="cq:Panel"
                title="Tab 1">
                <items jcr:primaryType="cq:WidgetCollection">
                    <size-wid
                        jcr:primaryType="cq:Widget"
                        fieldLabel="Select Size"
                        name="./size"
                        type="select"
                        xtype="selection">
                        <options jcr:primaryType="cq:WidgetCollection">
                            <h1
                                jcr:primaryType="nt:unstructured"
                                text="H1"
                                value="H1"/>
                            <h2
                                jcr:primaryType="nt:unstructured"
                                text="H2"
                                value="H2"/>
                            <h3
                                jcr:primaryType="nt:unstructured"
                                text="H3"
                                value="H3"/>
                        </options>
                    </size-wid>
                </items>
            </tab1>
        </items>
    </items>
</jcr:root>
